<?xml version="1.0" encoding="UTF-8"?>
<project-private xmlns="http://www.netbeans.org/ns/project-private/1">
    <editor-bookmarks xmlns="http://www.netbeans.org/ns/editor-bookmarks/2" lastBookmarkId="0"/>
    <open-files xmlns="http://www.netbeans.org/ns/projectui-open-files/2">
        <group>
            <file>file:/D:/Hawla/Kos/src/Model/Data/ModelData.java</file>
            <file>file:/D:/Hawla/Kos/src/Model/Fasilitas/ModelTabelFasilitas.java</file>
            <file>file:/D:/Hawla/Kos/src/Model/Fasilitas/ModelFasilitas.java</file>
            <file>file:/D:/Hawla/Kos/src/Model/Data/KosDAO.java</file>
            <file>file:/D:/Hawla/Kos/src/Controller/controller/ControllerDashboard.java</file>
            <file>file:/D:/Hawla/Kos/src/View/Dashboard.java</file>
            <file>file:/D:/Hawla/Kos/src/Controller/controller/ControllerFasilitas.java</file>
            <file>file:/D:/Hawla/Kos/src/View/HalamanUtama.java</file>
            <file>file:/D:/Hawla/Kos/src/Controller/controller/InterfaceDashboard.java</file>
            <file>file:/D:/Hawla/Kos/src/View/Fasilitas.java</file>
            <file>file:/D:/Hawla/Kos/src/Model/Fasilitas/FasilitasDAO.java</file>
        </group>
    </open-files>
</project-private>
